{
  "name": "torg-basic-targeting",
  "title": "Torg basic targeting",
  "description": "A module that enables some targeting in Torg",
  "compatibleCoreVersion": "0.7.9",
  "version": "0.1",
  "author": "Javier Rivera",
  "systems": ["torgeternity"],
  "esmodules": ["./scripts/main.js"],
  "styles": ["./css/basic-targeting.css"],
  "url": "https://github.com/javierriveracastro/torg-foundry-experiments/tree/master",
  "manifest": "https://raw.githubusercontent.com/javierriveracastro/torg-foundry-experiments/master/torg-basic-targeting/module.json",
  "download": "https://github.com/javierriveracastro/torg-foundry-experiments/blob/master/torg-basic-targeting.zip?raw=true",
  "minimumCoreVersion": "0.7.9"
}
